{"cameraMode":{"drawMode":0,"name":"Shaded","section":"Shading Mode"},"sceneLighting":true,"audioPlay":false,"sceneViewState":{"showFog":true,"showMaterialUpdate":false,"showSkybox":true,"showFlares":true,"showImageEffects":true,"showParticleSystems":true},"in2DMode":false,"pivot":{"x":-0.0837385505437851,"y":0.20793187618255616,"z":0.14219367504119874},"rotation":{"x":-0.02091706544160843,"y":0.687255859375,"z":-0.0198050606995821,"w":-0.7258446216583252},"size":1.733452320098877,"orthographic":false}